{
    "train_loss": 1.2760112285614014,
    "test_acc": 0.7307692170143127
}